Nitrogen,Potassium,Phosphorous,Fertilizer Name
7,31,35,Fourteen-Thirty Five-Fourteen
8,9,14,Twenty-Twenty
17,19,18,Seventeen-Seventeen-Seventeen
14,15,12,Seventeen-Seventeen-Seventeen
35,0,0,Urea
5,19,15,Ten-Twenty Six-Twenty Six
16,10,12,Seventeen-Seventeen-Seventeen
8,11,7,Twenty-Twenty
12,43,43,DAP
12,11,11,Twenty-Twenty
11,13,20,Seventeen-Seventeen-Seventeen
10,20,21,Ten-Twenty Six-Twenty Six
10,8,9,Twenty-Twenty
6,13,5,Twenty-Twenty
22,0,16,Twenty Eight-Twenty Eight
39,0,0,Urea
6,33,30,Fourteen-Thirty Five-Fourteen
9,11,5,Twenty-Twenty
21,0,22,Twenty Eight-Twenty Eight
41,0,0,Urea
8,22,15,Ten-Twenty Six-Twenty Six
6,13,9,Twenty-Twenty
39,0,0,Urea
11,45,45,DAP
18,14,18,Seventeen-Seventeen-Seventeen
12,15,18,Ten-Twenty Six-Twenty Six
36,0,0,Urea
12,17,15,Ten-Twenty Six-Twenty Six
10,34,28,Fourteen-Thirty Five-Fourteen
15,42,37,DAP
38,0,0,Urea
8,34,28,Fourteen-Thirty Five-Fourteen
22,0,20,Twenty Eight-Twenty Eight
35,0,0,Urea
24,0,15,Twenty Eight-Twenty Eight
17,13,15,Seventeen-Seventeen-Seventeen
15,37,41,DAP
12,15,12,Seventeen-Seventeen-Seventeen
20,20,17,Seventeen-Seventeen-Seventeen
7,29,34,Fourteen-Thirty Five-Fourteen
21,0,19,Twenty Eight-Twenty Eight
12,16,11,Seventeen-Seventeen-Seventeen
14,45,38,DAP
7,20,24,Ten-Twenty Six-Twenty Six
7,7,6,Twenty-Twenty
23,0,16,Twenty Eight-Twenty Eight
5,25,18,Ten-Twenty Six-Twenty Six
21,0,18,Twenty Eight-Twenty Eight
14,25,22,Ten-Twenty Six-Twenty Six
14,24,19,Ten-Twenty Six-Twenty Six
8,30,33,Fourteen-Thirty Five-Fourteen
21,0,16,Twenty Eight-Twenty Eight
44,0,0,Urea
23,0,24,Twenty Eight-Twenty Eight
11,6,8,Twenty-Twenty
10,20,17,Seventeen-Seventeen-Seventeen
20,14,15,Seventeen-Seventeen-Seventeen
15,9,6,Twenty-Twenty
17,18,12,Seventeen-Seventeen-Seventeen
9,8,9,Twenty-Twenty
5,10,11,Twenty-Twenty
41,0,0,Urea
10,15,19,Seventeen-Seventeen-Seventeen
37,0,0,Urea
22,0,17,Twenty Eight-Twenty Eight
10,6,15,Twenty-Twenty
24,0,25,Twenty Eight-Twenty Eight
5,30,35,Fourteen-Thirty Five-Fourteen
12,42,38,DAP
5,29,35,Fourteen-Thirty Five-Fourteen
15,40,44,DAP
22,0,17,Twenty Eight-Twenty Eight
16,18,14,Seventeen-Seventeen-Seventeen
10,40,45,DAP
13,11,11,Twenty-Twenty
20,0,17,Twenty Eight-Twenty Eight
6,8,5,Twenty-Twenty
43,0,0,Urea
9,11,7,Twenty-Twenty
35,0,0,Urea
36,0,0,Urea
5,15,15,Ten-Twenty Six-Twenty Six
13,35,41,DAP
38,0,0,Urea
16,19,17,Seventeen-Seventeen-Seventeen
6,29,29,Fourteen-Thirty Five-Fourteen
15,19,20,Seventeen-Seventeen-Seventeen
13,40,35,DAP
35,0,0,Urea
13,12,11,Twenty-Twenty
12,18,18,Ten-Twenty Six-Twenty Six
45,0,0,Urea
10,42,37,DAP
10,13,12,Twenty-Twenty
7,23,16,Ten-Twenty Six-Twenty Six
13,16,11,Seventeen-Seventeen-Seventeen
8,9,15,Twenty-Twenty
21,0,15,Twenty Eight-Twenty Eight
14,44,37,DAP
8,19,16,Ten-Twenty Six-Twenty Six
41,0,0,Urea
21,0,15,Twenty Eight-Twenty Eight
10,43,35,DAP
6,15,6,Twenty-Twenty
14,12,13,Twenty-Twenty
9,16,25,Ten-Twenty Six-Twenty Six
14,21,21,Ten-Twenty Six-Twenty Six
10,33,34,Fourteen-Thirty Five-Fourteen
16,18,12,Seventeen-Seventeen-Seventeen
15,21,25,Ten-Twenty Six-Twenty Six
13,38,42,DAP
10,15,24,Ten-Twenty Six-Twenty Six
38,0,0,Urea
45,0,0,Urea
5,23,15,Ten-Twenty Six-Twenty Six
13,18,10,Seventeen-Seventeen-Seventeen
11,25,21,Ten-Twenty Six-Twenty Six
5,5,15,Twenty-Twenty
5,33,30,Fourteen-Thirty Five-Fourteen
7,35,29,Fourteen-Thirty Five-Fourteen
13,18,16,Ten-Twenty Six-Twenty Six
7,14,12,Twenty-Twenty
12,45,35,DAP
7,23,24,Ten-Twenty Six-Twenty Six
24,0,25,Twenty Eight-Twenty Eight
9,31,30,Fourteen-Thirty Five-Fourteen
10,37,43,DAP
5,22,16,Ten-Twenty Six-Twenty Six
5,18,19,Ten-Twenty Six-Twenty Six
15,13,8,Twenty-Twenty
5,34,31,Fourteen-Thirty Five-Fourteen
39,0,0,Urea
44,0,0,Urea
38,0,0,Urea
21,0,19,Twenty Eight-Twenty Eight
9,35,32,Fourteen-Thirty Five-Fourteen
6,14,6,Twenty-Twenty
16,17,18,Seventeen-Seventeen-Seventeen
7,15,24,Ten-Twenty Six-Twenty Six
10,23,22,Ten-Twenty Six-Twenty Six
15,45,37,DAP
7,31,31,Fourteen-Thirty Five-Fourteen
10,16,24,Ten-Twenty Six-Twenty Six
21,0,21,Twenty Eight-Twenty Eight
15,18,15,Ten-Twenty Six-Twenty Six
14,21,23,Ten-Twenty Six-Twenty Six
13,14,16,Seventeen-Seventeen-Seventeen
38,0,0,Urea
6,33,34,Fourteen-Thirty Five-Fourteen
24,0,23,Twenty Eight-Twenty Eight
14,35,44,DAP
42,0,0,Urea
36,0,0,Urea
44,0,0,Urea
24,0,15,Twenty Eight-Twenty Eight
6,28,28,Fourteen-Thirty Five-Fourteen
12,39,38,DAP
9,33,34,Fourteen-Thirty Five-Fourteen
11,19,15,Seventeen-Seventeen-Seventeen
6,29,34,Fourteen-Thirty Five-Fourteen
21,0,23,Twenty Eight-Twenty Eight
14,41,42,DAP
21,0,24,Twenty Eight-Twenty Eight
11,18,10,Seventeen-Seventeen-Seventeen
25,0,16,Twenty Eight-Twenty Eight
12,37,39,DAP
42,0,0,Urea
19,17,17,Seventeen-Seventeen-Seventeen
14,21,25,Ten-Twenty Six-Twenty Six
45,0,0,Urea
14,5,6,Twenty-Twenty
41,0,0,Urea
22,0,23,Twenty Eight-Twenty Eight
12,15,20,Seventeen-Seventeen-Seventeen
10,38,40,DAP
15,19,11,Seventeen-Seventeen-Seventeen
11,16,18,Ten-Twenty Six-Twenty Six
12,36,38,DAP
16,18,13,Seventeen-Seventeen-Seventeen
24,0,19,Twenty Eight-Twenty Eight
8,34,28,Fourteen-Thirty Five-Fourteen
11,17,18,Ten-Twenty Six-Twenty Six
24,0,20,Twenty Eight-Twenty Eight
24,0,16,Twenty Eight-Twenty Eight
20,0,16,Twenty Eight-Twenty Eight
11,43,45,DAP
5,9,13,Twenty-Twenty
12,16,17,Seventeen-Seventeen-Seventeen
12,10,13,Seventeen-Seventeen-Seventeen
17,15,13,Seventeen-Seventeen-Seventeen
25,0,21,Twenty Eight-Twenty Eight
14,36,42,DAP
13,20,16,Seventeen-Seventeen-Seventeen
15,25,17,Ten-Twenty Six-Twenty Six
14,44,45,DAP
16,12,14,Seventeen-Seventeen-Seventeen
38,0,0,Urea
15,37,35,DAP
11,21,25,Ten-Twenty Six-Twenty Six
7,15,18,Ten-Twenty Six-Twenty Six
24,0,18,Twenty Eight-Twenty Eight
15,13,11,Seventeen-Seventeen-Seventeen
10,45,44,DAP
12,5,11,Twenty-Twenty
14,13,20,Seventeen-Seventeen-Seventeen
8,20,21,Ten-Twenty Six-Twenty Six
5,15,22,Ten-Twenty Six-Twenty Six
15,35,45,DAP
6,10,5,Twenty-Twenty
20,0,22,Twenty Eight-Twenty Eight
38,0,0,Urea
12,45,44,DAP
13,23,23,Ten-Twenty Six-Twenty Six
25,0,19,Twenty Eight-Twenty Eight
8,34,34,Fourteen-Thirty Five-Fourteen
15,43,44,DAP
5,24,16,Ten-Twenty Six-Twenty Six
9,20,21,Ten-Twenty Six-Twenty Six
18,20,19,Seventeen-Seventeen-Seventeen
10,29,32,Fourteen-Thirty Five-Fourteen
13,7,15,Twenty-Twenty
14,7,9,Twenty-Twenty
6,6,12,Twenty-Twenty
44,0,0,Urea
36,0,0,Urea
10,30,32,Fourteen-Thirty Five-Fourteen
15,22,23,Ten-Twenty Six-Twenty Six
15,16,17,Ten-Twenty Six-Twenty Six
21,0,21,Twenty Eight-Twenty Eight
16,20,20,Seventeen-Seventeen-Seventeen
20,0,18,Twenty Eight-Twenty Eight
15,7,5,Twenty-Twenty
19,13,19,Seventeen-Seventeen-Seventeen
25,0,18,Twenty Eight-Twenty Eight
35,0,0,Urea
16,13,14,Seventeen-Seventeen-Seventeen
11,18,18,Ten-Twenty Six-Twenty Six
10,10,12,Twenty-Twenty
10,25,23,Ten-Twenty Six-Twenty Six
8,32,29,Fourteen-Thirty Five-Fourteen
11,37,37,DAP
15,15,20,Seventeen-Seventeen-Seventeen
22,0,20,Twenty Eight-Twenty Eight
12,38,43,DAP
12,23,23,Ten-Twenty Six-Twenty Six
40,0,0,Urea
9,30,29,Fourteen-Thirty Five-Fourteen
35,0,0,Urea
15,15,17,Ten-Twenty Six-Twenty Six
6,29,34,Fourteen-Thirty Five-Fourteen
36,0,0,Urea
21,0,16,Twenty Eight-Twenty Eight
7,6,10,Twenty-Twenty
21,0,20,Twenty Eight-Twenty Eight
12,36,39,DAP
19,11,17,Seventeen-Seventeen-Seventeen
20,0,16,Twenty Eight-Twenty Eight
42,0,0,Urea
8,33,28,Fourteen-Thirty Five-Fourteen
15,36,44,DAP
8,17,16,Ten-Twenty Six-Twenty Six
23,0,18,Twenty Eight-Twenty Eight
11,12,9,Twenty-Twenty
5,20,25,Ten-Twenty Six-Twenty Six
7,18,18,Ten-Twenty Six-Twenty Six
23,0,17,Twenty Eight-Twenty Eight
8,20,24,Ten-Twenty Six-Twenty Six
12,17,11,Seventeen-Seventeen-Seventeen
19,14,12,Seventeen-Seventeen-Seventeen
8,15,15,Ten-Twenty Six-Twenty Six
5,24,18,Ten-Twenty Six-Twenty Six
6,28,34,Fourteen-Thirty Five-Fourteen
15,45,39,DAP
6,30,34,Fourteen-Thirty Five-Fourteen
12,39,45,DAP
14,16,16,Ten-Twenty Six-Twenty Six
20,10,10,Seventeen-Seventeen-Seventeen
42,0,0,Urea
5,19,16,Ten-Twenty Six-Twenty Six
12,8,15,Twenty-Twenty
15,35,42,DAP
6,33,28,Fourteen-Thirty Five-Fourteen
10,35,44,DAP
19,10,18,Seventeen-Seventeen-Seventeen
15,18,24,Ten-Twenty Six-Twenty Six
7,8,13,Twenty-Twenty
15,7,8,Twenty-Twenty
8,5,14,Twenty-Twenty
20,17,18,Seventeen-Seventeen-Seventeen
18,10,12,Seventeen-Seventeen-Seventeen
25,0,20,Twenty Eight-Twenty Eight
15,42,45,DAP
9,28,32,Fourteen-Thirty Five-Fourteen
9,35,34,Fourteen-Thirty Five-Fourteen
37,0,0,Urea
10,40,41,DAP
15,9,10,Twenty-Twenty
13,41,35,DAP
20,0,25,Twenty Eight-Twenty Eight
10,30,33,Fourteen-Thirty Five-Fourteen
10,12,15,Twenty-Twenty
7,28,31,Fourteen-Thirty Five-Fourteen
11,15,13,Seventeen-Seventeen-Seventeen
24,0,16,Twenty Eight-Twenty Eight
7,17,17,Ten-Twenty Six-Twenty Six
38,0,0,Urea
14,43,40,DAP
35,0,0,Urea
25,0,23,Twenty Eight-Twenty Eight
10,35,38,DAP
39,0,0,Urea
40,0,0,Urea
7,35,35,Fourteen-Thirty Five-Fourteen
7,21,20,Ten-Twenty Six-Twenty Six
13,10,13,Twenty-Twenty
15,9,5,Twenty-Twenty
5,12,13,Twenty-Twenty
7,31,35,Fourteen-Thirty Five-Fourteen
9,15,17,Ten-Twenty Six-Twenty Six
22,0,22,Twenty Eight-Twenty Eight
7,15,6,Twenty-Twenty
15,10,10,Twenty-Twenty
15,35,39,DAP
7,33,29,Fourteen-Thirty Five-Fourteen
8,31,28,Fourteen-Thirty Five-Fourteen
9,19,24,Ten-Twenty Six-Twenty Six
12,12,9,Twenty-Twenty
11,40,44,DAP
13,20,12,Seventeen-Seventeen-Seventeen
20,0,18,Twenty Eight-Twenty Eight
14,10,14,Twenty-Twenty
22,0,16,Twenty Eight-Twenty Eight
9,31,31,Fourteen-Thirty Five-Fourteen
35,0,0,Urea
6,16,19,Ten-Twenty Six-Twenty Six
21,0,22,Twenty Eight-Twenty Eight
9,23,23,Ten-Twenty Six-Twenty Six
14,42,42,DAP
15,41,40,DAP
18,19,16,Seventeen-Seventeen-Seventeen
10,17,12,Seventeen-Seventeen-Seventeen
8,10,9,Twenty-Twenty
22,0,21,Twenty Eight-Twenty Eight
12,42,37,DAP
9,31,35,Fourteen-Thirty Five-Fourteen
7,30,28,Fourteen-Thirty Five-Fourteen
25,0,21,Twenty Eight-Twenty Eight
9,31,28,Fourteen-Thirty Five-Fourteen
10,17,14,Seventeen-Seventeen-Seventeen
11,14,9,Twenty-Twenty
10,35,32,Fourteen-Thirty Five-Fourteen
7,32,32,Fourteen-Thirty Five-Fourteen
6,22,15,Ten-Twenty Six-Twenty Six
14,9,11,Twenty-Twenty
9,9,5,Twenty-Twenty
20,10,10,Seventeen-Seventeen-Seventeen
8,29,33,Fourteen-Thirty Five-Fourteen
19,10,12,Seventeen-Seventeen-Seventeen
10,24,25,Ten-Twenty Six-Twenty Six
18,20,10,Seventeen-Seventeen-Seventeen
23,0,19,Twenty Eight-Twenty Eight
6,11,14,Twenty-Twenty
9,31,30,Fourteen-Thirty Five-Fourteen
25,0,20,Twenty Eight-Twenty Eight
9,28,33,Fourteen-Thirty Five-Fourteen
42,0,0,Urea
14,21,16,Ten-Twenty Six-Twenty Six
19,11,10,Seventeen-Seventeen-Seventeen
6,30,29,Fourteen-Thirty Five-Fourteen
23,0,21,Twenty Eight-Twenty Eight
13,42,41,DAP
12,12,11,Seventeen-Seventeen-Seventeen
13,13,11,Twenty-Twenty
45,0,0,Urea
5,11,11,Twenty-Twenty
5,31,32,Fourteen-Thirty Five-Fourteen
8,23,19,Ten-Twenty Six-Twenty Six
12,44,36,DAP
12,15,16,Ten-Twenty Six-Twenty Six
20,13,10,Seventeen-Seventeen-Seventeen
40,0,0,Urea
19,17,10,Seventeen-Seventeen-Seventeen
22,0,25,Twenty Eight-Twenty Eight
24,0,20,Twenty Eight-Twenty Eight
36,0,0,Urea
23,0,24,Twenty Eight-Twenty Eight
8,30,32,Fourteen-Thirty Five-Fourteen
18,17,18,Seventeen-Seventeen-Seventeen
41,0,0,Urea
6,16,15,Ten-Twenty Six-Twenty Six
5,15,9,Twenty-Twenty
9,29,35,Fourteen-Thirty Five-Fourteen
23,0,24,Twenty Eight-Twenty Eight
14,7,6,Twenty-Twenty
9,32,30,Fourteen-Thirty Five-Fourteen
13,20,22,Ten-Twenty Six-Twenty Six
23,0,22,Twenty Eight-Twenty Eight
14,41,42,DAP
20,0,22,Twenty Eight-Twenty Eight
20,0,22,Twenty Eight-Twenty Eight
11,16,21,Ten-Twenty Six-Twenty Six
42,0,0,Urea
44,0,0,Urea
10,7,6,Twenty-Twenty
9,29,30,Fourteen-Thirty Five-Fourteen
11,43,40,DAP
20,13,10,Seventeen-Seventeen-Seventeen
12,8,14,Twenty-Twenty
11,35,35,DAP
39,0,0,Urea
11,13,13,Seventeen-Seventeen-Seventeen
12,12,20,Seventeen-Seventeen-Seventeen
13,44,35,DAP
18,19,11,Seventeen-Seventeen-Seventeen
23,0,25,Twenty Eight-Twenty Eight
5,17,23,Ten-Twenty Six-Twenty Six
6,17,20,Ten-Twenty Six-Twenty Six
10,20,18,Seventeen-Seventeen-Seventeen
22,0,19,Twenty Eight-Twenty Eight
35,0,0,Urea
11,23,18,Ten-Twenty Six-Twenty Six
15,16,21,Ten-Twenty Six-Twenty Six
15,38,41,DAP
7,33,33,Fourteen-Thirty Five-Fourteen
13,36,37,DAP
6,5,10,Twenty-Twenty
21,0,15,Twenty Eight-Twenty Eight
21,0,20,Twenty Eight-Twenty Eight
9,24,19,Ten-Twenty Six-Twenty Six
11,15,15,Twenty-Twenty
15,9,10,Twenty-Twenty
45,0,0,Urea
8,10,14,Twenty-Twenty
37,0,0,Urea
10,39,35,DAP
5,31,35,Fourteen-Thirty Five-Fourteen
22,0,18,Twenty Eight-Twenty Eight
15,35,36,DAP
13,38,39,DAP
11,44,38,DAP
10,15,5,Twenty-Twenty
7,34,30,Fourteen-Thirty Five-Fourteen
12,16,20,Ten-Twenty Six-Twenty Six
38,0,0,Urea
13,25,25,Ten-Twenty Six-Twenty Six
15,17,19,Ten-Twenty Six-Twenty Six
11,21,15,Ten-Twenty Six-Twenty Six
22,0,23,Twenty Eight-Twenty Eight
15,40,45,DAP
10,11,7,Twenty-Twenty
9,22,16,Ten-Twenty Six-Twenty Six
21,0,15,Twenty Eight-Twenty Eight
10,6,6,Twenty-Twenty
7,10,9,Twenty-Twenty
9,12,9,Twenty-Twenty
14,40,42,DAP
20,18,12,Seventeen-Seventeen-Seventeen
9,31,35,Fourteen-Thirty Five-Fourteen
5,9,6,Twenty-Twenty
15,37,35,DAP
11,17,19,Seventeen-Seventeen-Seventeen
12,17,13,Seventeen-Seventeen-Seventeen
5,29,28,Fourteen-Thirty Five-Fourteen
41,0,0,Urea
17,13,18,Seventeen-Seventeen-Seventeen
10,20,19,Seventeen-Seventeen-Seventeen
39,0,0,Urea
42,0,0,Urea
39,0,0,Urea
7,16,23,Ten-Twenty Six-Twenty Six
9,31,30,Fourteen-Thirty Five-Fourteen
25,0,21,Twenty Eight-Twenty Eight
16,18,12,Seventeen-Seventeen-Seventeen
20,0,21,Twenty Eight-Twenty Eight
21,0,22,Twenty Eight-Twenty Eight
12,39,35,DAP
14,45,39,DAP
8,30,32,Fourteen-Thirty Five-Fourteen
6,30,32,Fourteen-Thirty Five-Fourteen
12,5,10,Twenty-Twenty
14,43,43,DAP
38,0,0,Urea
10,42,39,DAP
15,15,15,Twenty-Twenty
13,14,10,Twenty-Twenty
12,21,25,Ten-Twenty Six-Twenty Six
14,6,5,Twenty-Twenty
9,9,15,Twenty-Twenty
6,17,17,Ten-Twenty Six-Twenty Six
15,7,9,Twenty-Twenty
11,20,16,Ten-Twenty Six-Twenty Six
41,0,0,Urea
40,0,0,Urea
22,0,17,Twenty Eight-Twenty Eight
25,0,17,Twenty Eight-Twenty Eight
21,0,22,Twenty Eight-Twenty Eight
10,30,28,Fourteen-Thirty Five-Fourteen
11,38,44,DAP
25,0,20,Twenty Eight-Twenty Eight
7,29,31,Fourteen-Thirty Five-Fourteen
14,10,18,Seventeen-Seventeen-Seventeen
8,21,18,Ten-Twenty Six-Twenty Six
10,25,19,Ten-Twenty Six-Twenty Six
24,0,23,Twenty Eight-Twenty Eight
12,24,24,Ten-Twenty Six-Twenty Six
11,9,8,Twenty-Twenty
11,11,10,Seventeen-Seventeen-Seventeen
12,39,35,DAP
19,14,19,Seventeen-Seventeen-Seventeen
10,38,35,DAP
6,32,30,Fourteen-Thirty Five-Fourteen
9,32,31,Fourteen-Thirty Five-Fourteen
15,40,45,DAP
14,12,18,Seventeen-Seventeen-Seventeen
23,0,25,Twenty Eight-Twenty Eight
6,7,14,Twenty-Twenty
10,35,33,Fourteen-Thirty Five-Fourteen
12,37,40,DAP
10,18,13,Seventeen-Seventeen-Seventeen
8,15,19,Ten-Twenty Six-Twenty Six
12,18,12,Seventeen-Seventeen-Seventeen
39,0,0,Urea
10,39,38,DAP
8,17,21,Ten-Twenty Six-Twenty Six
12,12,12,Twenty-Twenty
7,29,31,Fourteen-Thirty Five-Fourteen
8,16,21,Ten-Twenty Six-Twenty Six
25,0,24,Twenty Eight-Twenty Eight
12,42,45,DAP
45,0,0,Urea
5,17,15,Ten-Twenty Six-Twenty Six
12,20,20,Seventeen-Seventeen-Seventeen
9,17,22,Ten-Twenty Six-Twenty Six
14,23,17,Ten-Twenty Six-Twenty Six
12,17,15,Ten-Twenty Six-Twenty Six
12,13,18,Seventeen-Seventeen-Seventeen
19,18,20,Seventeen-Seventeen-Seventeen
14,39,42,DAP
21,0,18,Twenty Eight-Twenty Eight
6,15,13,Twenty-Twenty
11,12,13,Seventeen-Seventeen-Seventeen
14,8,11,Twenty-Twenty
7,34,32,Fourteen-Thirty Five-Fourteen
38,0,0,Urea
15,24,20,Ten-Twenty Six-Twenty Six
22,0,23,Twenty Eight-Twenty Eight
38,0,0,Urea
15,39,44,DAP
19,14,11,Seventeen-Seventeen-Seventeen
41,0,0,Urea
15,40,35,DAP
14,42,37,DAP
14,17,15,Seventeen-Seventeen-Seventeen
45,0,0,Urea
35,0,0,Urea
12,45,36,DAP
12,19,19,Seventeen-Seventeen-Seventeen
5,33,31,Fourteen-Thirty Five-Fourteen
6,22,17,Ten-Twenty Six-Twenty Six
14,41,45,DAP
20,0,19,Twenty Eight-Twenty Eight
10,36,43,DAP
35,0,0,Urea
25,0,21,Twenty Eight-Twenty Eight
25,0,15,Twenty Eight-Twenty Eight
24,0,19,Twenty Eight-Twenty Eight
9,34,32,Fourteen-Thirty Five-Fourteen
13,8,15,Twenty-Twenty
13,39,40,DAP
16,10,10,Seventeen-Seventeen-Seventeen
21,0,20,Twenty Eight-Twenty Eight
17,20,19,Seventeen-Seventeen-Seventeen
12,19,18,Seventeen-Seventeen-Seventeen
22,0,20,Twenty Eight-Twenty Eight
11,11,15,Seventeen-Seventeen-Seventeen
23,0,21,Twenty Eight-Twenty Eight
11,10,16,Seventeen-Seventeen-Seventeen
11,36,35,DAP
11,39,41,DAP
36,0,0,Urea
8,22,18,Ten-Twenty Six-Twenty Six
35,0,0,Urea
12,39,41,DAP
12,41,43,DAP
17,13,11,Seventeen-Seventeen-Seventeen
10,29,31,Fourteen-Thirty Five-Fourteen
11,8,5,Twenty-Twenty
13,20,19,Ten-Twenty Six-Twenty Six
21,0,22,Twenty Eight-Twenty Eight
7,24,16,Ten-Twenty Six-Twenty Six
15,16,10,Seventeen-Seventeen-Seventeen
40,0,0,Urea
21,0,21,Twenty Eight-Twenty Eight
17,11,17,Seventeen-Seventeen-Seventeen
10,20,19,Ten-Twenty Six-Twenty Six
7,8,12,Twenty-Twenty
19,20,17,Seventeen-Seventeen-Seventeen
41,0,0,Urea
11,17,13,Seventeen-Seventeen-Seventeen
21,0,16,Twenty Eight-Twenty Eight
7,25,15,Ten-Twenty Six-Twenty Six
6,22,22,Ten-Twenty Six-Twenty Six
14,40,36,DAP
12,42,38,DAP
35,0,0,Urea
38,0,0,Urea
21,0,25,Twenty Eight-Twenty Eight
5,21,19,Ten-Twenty Six-Twenty Six
13,37,39,DAP
13,35,43,DAP
24,0,17,Twenty Eight-Twenty Eight
25,0,15,Twenty Eight-Twenty Eight
12,15,16,Seventeen-Seventeen-Seventeen
6,28,30,Fourteen-Thirty Five-Fourteen
39,0,0,Urea
20,10,15,Seventeen-Seventeen-Seventeen
6,34,33,Fourteen-Thirty Five-Fourteen
10,16,20,Ten-Twenty Six-Twenty Six
14,38,40,DAP
45,0,0,Urea
10,36,38,DAP
11,8,5,Twenty-Twenty
21,0,24,Twenty Eight-Twenty Eight
15,21,18,Ten-Twenty Six-Twenty Six
10,35,33,Fourteen-Thirty Five-Fourteen
5,31,33,Fourteen-Thirty Five-Fourteen
37,0,0,Urea
20,12,18,Seventeen-Seventeen-Seventeen
14,14,20,Seventeen-Seventeen-Seventeen
35,0,0,Urea
15,11,13,Seventeen-Seventeen-Seventeen
20,0,18,Twenty Eight-Twenty Eight
12,43,42,DAP
25,0,20,Twenty Eight-Twenty Eight
36,0,0,Urea
12,11,12,Twenty-Twenty
6,35,33,Fourteen-Thirty Five-Fourteen
15,15,13,Twenty-Twenty
7,9,10,Twenty-Twenty
5,35,35,Fourteen-Thirty Five-Fourteen
42,0,0,Urea
5,20,20,Ten-Twenty Six-Twenty Six
10,32,32,Fourteen-Thirty Five-Fourteen
40,0,0,Urea
9,6,14,Twenty-Twenty
15,17,20,Seventeen-Seventeen-Seventeen
5,19,21,Ten-Twenty Six-Twenty Six
23,0,17,Twenty Eight-Twenty Eight
17,12,18,Seventeen-Seventeen-Seventeen
42,0,0,Urea
5,31,31,Fourteen-Thirty Five-Fourteen
36,0,0,Urea
5,34,28,Fourteen-Thirty Five-Fourteen
35,0,0,Urea
8,8,6,Twenty-Twenty
41,0,0,Urea
40,0,0,Urea
11,44,37,DAP
6,33,28,Fourteen-Thirty Five-Fourteen
25,0,15,Twenty Eight-Twenty Eight
14,25,23,Ten-Twenty Six-Twenty Six
12,20,18,Seventeen-Seventeen-Seventeen
44,0,0,Urea
36,0,0,Urea
40,0,0,Urea
25,0,16,Twenty Eight-Twenty Eight
6,18,19,Ten-Twenty Six-Twenty Six
42,0,0,Urea
13,22,20,Ten-Twenty Six-Twenty Six
45,0,0,Urea
11,16,22,Ten-Twenty Six-Twenty Six
5,25,19,Ten-Twenty Six-Twenty Six
9,28,34,Fourteen-Thirty Five-Fourteen
11,41,39,DAP
12,10,10,Seventeen-Seventeen-Seventeen
13,41,39,DAP
11,22,15,Ten-Twenty Six-Twenty Six
22,0,20,Twenty Eight-Twenty Eight
20,0,21,Twenty Eight-Twenty Eight
11,44,37,DAP
6,9,6,Twenty-Twenty
8,14,8,Twenty-Twenty
11,35,40,DAP
9,5,11,Twenty-Twenty
10,23,16,Ten-Twenty Six-Twenty Six
8,29,33,Fourteen-Thirty Five-Fourteen
15,36,36,DAP
11,5,14,Twenty-Twenty
9,34,33,Fourteen-Thirty Five-Fourteen
10,18,20,Seventeen-Seventeen-Seventeen
25,0,22,Twenty Eight-Twenty Eight
12,13,10,Twenty-Twenty
10,9,15,Twenty-Twenty
42,0,0,Urea
13,16,20,Ten-Twenty Six-Twenty Six
12,36,44,DAP
22,0,24,Twenty Eight-Twenty Eight
5,12,7,Twenty-Twenty
45,0,0,Urea
8,29,30,Fourteen-Thirty Five-Fourteen
11,15,16,Seventeen-Seventeen-Seventeen
8,31,31,Fourteen-Thirty Five-Fourteen
44,0,0,Urea
39,0,0,Urea
13,12,15,Seventeen-Seventeen-Seventeen
5,31,29,Fourteen-Thirty Five-Fourteen
35,0,0,Urea
15,16,12,Seventeen-Seventeen-Seventeen
22,0,15,Twenty Eight-Twenty Eight
10,28,34,Fourteen-Thirty Five-Fourteen
6,11,5,Twenty-Twenty
44,0,0,Urea
11,16,25,Ten-Twenty Six-Twenty Six
24,0,16,Twenty Eight-Twenty Eight
7,17,21,Ten-Twenty Six-Twenty Six
6,32,29,Fourteen-Thirty Five-Fourteen
15,6,14,Twenty-Twenty
11,15,14,Twenty-Twenty
7,24,15,Ten-Twenty Six-Twenty Six
20,0,24,Twenty Eight-Twenty Eight
24,0,16,Twenty Eight-Twenty Eight
20,17,11,Seventeen-Seventeen-Seventeen
6,20,20,Ten-Twenty Six-Twenty Six
16,14,14,Seventeen-Seventeen-Seventeen
12,39,45,DAP
14,14,15,Seventeen-Seventeen-Seventeen
13,21,16,Ten-Twenty Six-Twenty Six
5,8,15,Twenty-Twenty
20,20,20,Seventeen-Seventeen-Seventeen
20,0,18,Twenty Eight-Twenty Eight
20,19,15,Seventeen-Seventeen-Seventeen
21,0,15,Twenty Eight-Twenty Eight
15,37,35,DAP
9,23,22,Ten-Twenty Six-Twenty Six
15,36,41,DAP
20,16,15,Seventeen-Seventeen-Seventeen
21,0,22,Twenty Eight-Twenty Eight
7,29,28,Fourteen-Thirty Five-Fourteen
22,0,17,Twenty Eight-Twenty Eight
24,0,19,Twenty Eight-Twenty Eight
13,40,35,DAP
12,10,7,Twenty-Twenty
5,8,12,Twenty-Twenty
6,30,33,Fourteen-Thirty Five-Fourteen
25,0,19,Twenty Eight-Twenty Eight
9,32,32,Fourteen-Thirty Five-Fourteen
10,16,25,Ten-Twenty Six-Twenty Six
24,0,19,Twenty Eight-Twenty Eight
10,10,7,Twenty-Twenty
15,12,10,Twenty-Twenty
5,10,8,Twenty-Twenty
5,30,34,Fourteen-Thirty Five-Fourteen
11,16,20,Ten-Twenty Six-Twenty Six
8,5,12,Twenty-Twenty
8,32,28,Fourteen-Thirty Five-Fourteen
15,9,14,Twenty-Twenty
12,38,38,DAP
45,0,0,Urea
8,30,32,Fourteen-Thirty Five-Fourteen
13,20,22,Ten-Twenty Six-Twenty Six
11,39,45,DAP
23,0,20,Twenty Eight-Twenty Eight
15,13,6,Twenty-Twenty
11,14,15,Twenty-Twenty
40,0,0,Urea
13,45,40,DAP
12,11,14,Seventeen-Seventeen-Seventeen
14,17,14,Seventeen-Seventeen-Seventeen
6,19,16,Ten-Twenty Six-Twenty Six
41,0,0,Urea
17,18,15,Seventeen-Seventeen-Seventeen
37,0,0,Urea
36,0,0,Urea
9,5,13,Twenty-Twenty
22,0,16,Twenty Eight-Twenty Eight
39,0,0,Urea
19,20,20,Seventeen-Seventeen-Seventeen
8,12,15,Twenty-Twenty
6,28,34,Fourteen-Thirty Five-Fourteen
7,12,10,Twenty-Twenty
11,18,23,Ten-Twenty Six-Twenty Six
20,0,24,Twenty Eight-Twenty Eight
45,0,0,Urea
22,0,21,Twenty Eight-Twenty Eight
19,20,14,Seventeen-Seventeen-Seventeen
14,38,40,DAP
13,18,18,Seventeen-Seventeen-Seventeen
12,37,45,DAP
25,0,23,Twenty Eight-Twenty Eight
10,30,34,Fourteen-Thirty Five-Fourteen
24,0,19,Twenty Eight-Twenty Eight
13,19,18,Seventeen-Seventeen-Seventeen
22,0,22,Twenty Eight-Twenty Eight
9,21,22,Ten-Twenty Six-Twenty Six
13,39,45,DAP
14,16,20,Ten-Twenty Six-Twenty Six
8,19,18,Ten-Twenty Six-Twenty Six
12,45,35,DAP
24,0,18,Twenty Eight-Twenty Eight
14,39,36,DAP
39,0,0,Urea
25,0,18,Twenty Eight-Twenty Eight
15,37,41,DAP
23,0,18,Twenty Eight-Twenty Eight
9,35,29,Fourteen-Thirty Five-Fourteen
8,11,13,Twenty-Twenty
8,33,30,Fourteen-Thirty Five-Fourteen
7,28,29,Fourteen-Thirty Five-Fourteen
5,10,15,Twenty-Twenty
40,0,0,Urea
10,43,36,DAP
10,16,21,Ten-Twenty Six-Twenty Six
23,0,25,Twenty Eight-Twenty Eight
7,21,20,Ten-Twenty Six-Twenty Six
22,0,18,Twenty Eight-Twenty Eight
15,42,35,DAP
25,0,23,Twenty Eight-Twenty Eight
40,0,0,Urea
5,15,22,Ten-Twenty Six-Twenty Six
24,0,21,Twenty Eight-Twenty Eight
41,0,0,Urea
7,11,11,Twenty-Twenty
23,0,15,Twenty Eight-Twenty Eight
12,38,40,DAP
5,30,34,Fourteen-Thirty Five-Fourteen
11,16,15,Seventeen-Seventeen-Seventeen
10,25,22,Ten-Twenty Six-Twenty Six
12,22,22,Ten-Twenty Six-Twenty Six
9,8,5,Twenty-Twenty
15,44,37,DAP
9,28,31,Fourteen-Thirty Five-Fourteen
5,29,33,Fourteen-Thirty Five-Fourteen
10,24,20,Ten-Twenty Six-Twenty Six
13,14,12,Seventeen-Seventeen-Seventeen
9,31,33,Fourteen-Thirty Five-Fourteen
22,0,18,Twenty Eight-Twenty Eight
11,16,19,Ten-Twenty Six-Twenty Six
7,30,29,Fourteen-Thirty Five-Fourteen
45,0,0,Urea
6,11,12,Twenty-Twenty
21,0,23,Twenty Eight-Twenty Eight
14,42,41,DAP
22,0,24,Twenty Eight-Twenty Eight
14,25,21,Ten-Twenty Six-Twenty Six
7,31,29,Fourteen-Thirty Five-Fourteen
13,10,13,Twenty-Twenty
19,18,19,Seventeen-Seventeen-Seventeen
9,24,20,Ten-Twenty Six-Twenty Six
22,0,17,Twenty Eight-Twenty Eight
7,30,30,Fourteen-Thirty Five-Fourteen
36,0,0,Urea
13,13,8,Twenty-Twenty
35,0,0,Urea
5,13,13,Twenty-Twenty
14,37,40,DAP
8,35,31,Fourteen-Thirty Five-Fourteen
13,25,17,Ten-Twenty Six-Twenty Six
8,23,23,Ten-Twenty Six-Twenty Six
25,0,15,Twenty Eight-Twenty Eight
11,10,12,Twenty-Twenty
15,5,12,Twenty-Twenty
11,19,12,Seventeen-Seventeen-Seventeen
12,15,7,Twenty-Twenty
41,0,0,Urea
38,0,0,Urea
5,29,34,Fourteen-Thirty Five-Fourteen
8,11,6,Twenty-Twenty
12,20,24,Ten-Twenty Six-Twenty Six
9,20,15,Ten-Twenty Six-Twenty Six
25,0,20,Twenty Eight-Twenty Eight
15,44,40,DAP
37,0,0,Urea
8,17,23,Ten-Twenty Six-Twenty Six
11,38,37,DAP
8,30,33,Fourteen-Thirty Five-Fourteen
10,13,12,Twenty-Twenty
18,18,11,Seventeen-Seventeen-Seventeen
13,20,25,Ten-Twenty Six-Twenty Six
22,0,24,Twenty Eight-Twenty Eight
25,0,19,Twenty Eight-Twenty Eight
13,39,41,DAP
45,0,0,Urea
11,38,40,DAP
15,41,36,DAP
10,35,32,Fourteen-Thirty Five-Fourteen
23,0,22,Twenty Eight-Twenty Eight
8,24,16,Ten-Twenty Six-Twenty Six
14,15,19,Seventeen-Seventeen-Seventeen
9,9,11,Twenty-Twenty
7,30,28,Fourteen-Thirty Five-Fourteen
11,19,14,Seventeen-Seventeen-Seventeen
10,31,35,Fourteen-Thirty Five-Fourteen
10,25,18,Ten-Twenty Six-Twenty Six
39,0,0,Urea
15,9,12,Twenty-Twenty
7,31,28,Fourteen-Thirty Five-Fourteen
23,0,17,Twenty Eight-Twenty Eight
14,9,8,Twenty-Twenty
12,10,15,Seventeen-Seventeen-Seventeen
37,0,0,Urea
15,10,16,Seventeen-Seventeen-Seventeen
14,41,42,DAP
20,0,21,Twenty Eight-Twenty Eight
38,0,0,Urea
19,17,16,Seventeen-Seventeen-Seventeen
15,23,16,Ten-Twenty Six-Twenty Six
36,0,0,Urea
11,25,22,Ten-Twenty Six-Twenty Six
13,17,13,Seventeen-Seventeen-Seventeen
9,32,29,Fourteen-Thirty Five-Fourteen
14,44,36,DAP
14,37,44,DAP
12,40,44,DAP
44,0,0,Urea
10,43,40,DAP
8,20,21,Ten-Twenty Six-Twenty Six
14,43,37,DAP
7,6,6,Twenty-Twenty
14,18,11,Seventeen-Seventeen-Seventeen
21,0,23,Twenty Eight-Twenty Eight
13,37,41,DAP
10,45,44,DAP
13,37,37,DAP
25,0,20,Twenty Eight-Twenty Eight
42,0,0,Urea
10,13,13,Seventeen-Seventeen-Seventeen
5,32,34,Fourteen-Thirty Five-Fourteen
14,12,8,Twenty-Twenty
20,0,16,Twenty Eight-Twenty Eight
11,12,13,Twenty-Twenty
11,13,7,Twenty-Twenty
19,11,11,Seventeen-Seventeen-Seventeen
21,0,23,Twenty Eight-Twenty Eight
7,14,8,Twenty-Twenty
11,35,40,DAP
12,39,40,DAP
7,6,9,Twenty-Twenty
42,0,0,Urea
45,0,0,Urea
44,0,0,Urea
8,8,9,Twenty-Twenty
20,0,18,Twenty Eight-Twenty Eight
10,6,11,Twenty-Twenty
14,12,10,Twenty-Twenty
9,33,34,Fourteen-Thirty Five-Fourteen
20,15,13,Seventeen-Seventeen-Seventeen
10,18,19,Seventeen-Seventeen-Seventeen
14,13,7,Twenty-Twenty
8,23,18,Ten-Twenty Six-Twenty Six
5,15,7,Twenty-Twenty
38,0,0,Urea
6,35,34,Fourteen-Thirty Five-Fourteen
25,0,15,Twenty Eight-Twenty Eight
24,0,15,Twenty Eight-Twenty Eight
21,0,22,Twenty Eight-Twenty Eight
14,24,18,Ten-Twenty Six-Twenty Six
13,23,15,Ten-Twenty Six-Twenty Six
6,17,21,Ten-Twenty Six-Twenty Six
7,31,33,Fourteen-Thirty Five-Fourteen
12,20,10,Seventeen-Seventeen-Seventeen
24,0,25,Twenty Eight-Twenty Eight
44,0,0,Urea
22,0,15,Twenty Eight-Twenty Eight
6,19,19,Ten-Twenty Six-Twenty Six
45,0,0,Urea
5,8,5,Twenty-Twenty
15,14,11,Twenty-Twenty
7,33,35,Fourteen-Thirty Five-Fourteen
6,30,33,Fourteen-Thirty Five-Fourteen
10,31,34,Fourteen-Thirty Five-Fourteen
7,35,29,Fourteen-Thirty Five-Fourteen
9,32,33,Fourteen-Thirty Five-Fourteen
17,10,11,Seventeen-Seventeen-Seventeen
36,0,0,Urea
25,0,25,Twenty Eight-Twenty Eight
36,0,0,Urea
14,22,21,Ten-Twenty Six-Twenty Six
13,37,41,DAP
22,0,19,Twenty Eight-Twenty Eight
36,0,0,Urea
14,8,5,Twenty-Twenty
11,40,44,DAP
10,35,43,DAP
25,0,22,Twenty Eight-Twenty Eight
10,12,11,Seventeen-Seventeen-Seventeen
10,8,12,Twenty-Twenty
7,35,35,Fourteen-Thirty Five-Fourteen
14,21,20,Ten-Twenty Six-Twenty Six
13,45,42,DAP
14,18,14,Seventeen-Seventeen-Seventeen
45,0,0,Urea
13,16,16,Seventeen-Seventeen-Seventeen
10,41,36,DAP
8,7,7,Twenty-Twenty
13,16,16,Ten-Twenty Six-Twenty Six
20,19,10,Seventeen-Seventeen-Seventeen
10,42,37,DAP
7,31,31,Fourteen-Thirty Five-Fourteen
44,0,0,Urea
7,6,7,Twenty-Twenty
45,0,0,Urea
20,0,15,Twenty Eight-Twenty Eight
22,0,18,Twenty Eight-Twenty Eight
10,15,16,Ten-Twenty Six-Twenty Six
8,32,32,Fourteen-Thirty Five-Fourteen
21,0,20,Twenty Eight-Twenty Eight
10,35,28,Fourteen-Thirty Five-Fourteen
15,18,16,Ten-Twenty Six-Twenty Six
9,29,32,Fourteen-Thirty Five-Fourteen
9,28,34,Fourteen-Thirty Five-Fourteen
14,12,7,Twenty-Twenty
39,0,0,Urea
10,33,31,Fourteen-Thirty Five-Fourteen
41,0,0,Urea
15,10,16,Seventeen-Seventeen-Seventeen
20,0,20,Twenty Eight-Twenty Eight
12,22,17,Ten-Twenty Six-Twenty Six
42,0,0,Urea
24,0,25,Twenty Eight-Twenty Eight
12,39,41,DAP
25,0,21,Twenty Eight-Twenty Eight
11,17,23,Ten-Twenty Six-Twenty Six
16,18,18,Seventeen-Seventeen-Seventeen
24,0,19,Twenty Eight-Twenty Eight
7,35,28,Fourteen-Thirty Five-Fourteen
7,20,19,Ten-Twenty Six-Twenty Six
9,15,20,Ten-Twenty Six-Twenty Six
9,31,28,Fourteen-Thirty Five-Fourteen
11,36,43,DAP
5,31,29,Fourteen-Thirty Five-Fourteen
5,29,31,Fourteen-Thirty Five-Fourteen
9,34,30,Fourteen-Thirty Five-Fourteen
5,23,17,Ten-Twenty Six-Twenty Six
37,0,0,Urea
17,15,20,Seventeen-Seventeen-Seventeen
38,0,0,Urea
20,0,19,Twenty Eight-Twenty Eight
6,32,28,Fourteen-Thirty Five-Fourteen
45,0,0,Urea
15,17,17,Seventeen-Seventeen-Seventeen
25,0,19,Twenty Eight-Twenty Eight
20,0,24,Twenty Eight-Twenty Eight
36,0,0,Urea
6,33,34,Fourteen-Thirty Five-Fourteen
11,44,38,DAP
40,0,0,Urea
10,14,18,Seventeen-Seventeen-Seventeen
11,11,8,Twenty-Twenty
13,6,11,Twenty-Twenty
6,35,31,Fourteen-Thirty Five-Fourteen
7,24,25,Ten-Twenty Six-Twenty Six
10,15,13,Twenty-Twenty
9,33,30,Fourteen-Thirty Five-Fourteen
13,9,11,Twenty-Twenty
10,40,37,DAP
12,13,20,Seventeen-Seventeen-Seventeen
37,0,0,Urea
11,20,10,Seventeen-Seventeen-Seventeen
6,34,29,Fourteen-Thirty Five-Fourteen
10,14,12,Twenty-Twenty
5,21,17,Ten-Twenty Six-Twenty Six
8,20,18,Ten-Twenty Six-Twenty Six
14,35,41,DAP
12,35,41,DAP
12,10,10,Twenty-Twenty
7,17,21,Ten-Twenty Six-Twenty Six
14,42,42,DAP
16,10,13,Seventeen-Seventeen-Seventeen
10,33,35,Fourteen-Thirty Five-Fourteen
15,42,36,DAP
24,0,15,Twenty Eight-Twenty Eight
7,21,21,Ten-Twenty Six-Twenty Six
36,0,0,Urea
6,29,33,Fourteen-Thirty Five-Fourteen
40,0,0,Urea
13,12,10,Seventeen-Seventeen-Seventeen
10,15,6,Twenty-Twenty
15,23,22,Ten-Twenty Six-Twenty Six
13,42,41,DAP
7,32,29,Fourteen-Thirty Five-Fourteen
10,20,21,Ten-Twenty Six-Twenty Six
10,40,37,DAP
15,37,45,DAP
5,32,32,Fourteen-Thirty Five-Fourteen
12,20,13,Seventeen-Seventeen-Seventeen
43,0,0,Urea
12,42,43,DAP
15,20,12,Seventeen-Seventeen-Seventeen
10,6,15,Twenty-Twenty
11,37,41,DAP
14,39,37,DAP
6,33,33,Fourteen-Thirty Five-Fourteen
11,43,43,DAP
45,0,0,Urea
5,25,15,Ten-Twenty Six-Twenty Six
11,7,8,Twenty-Twenty
13,43,38,DAP
7,10,14,Twenty-Twenty
20,0,21,Twenty Eight-Twenty Eight
41,0,0,Urea
23,0,16,Twenty Eight-Twenty Eight
44,0,0,Urea
14,40,39,DAP
11,37,39,DAP
40,0,0,Urea
24,0,18,Twenty Eight-Twenty Eight
12,16,20,Seventeen-Seventeen-Seventeen
37,0,0,Urea
6,23,22,Ten-Twenty Six-Twenty Six
11,17,19,Seventeen-Seventeen-Seventeen
10,21,21,Ten-Twenty Six-Twenty Six
7,25,18,Ten-Twenty Six-Twenty Six
5,32,32,Fourteen-Thirty Five-Fourteen
10,31,28,Fourteen-Thirty Five-Fourteen
37,0,0,Urea
45,0,0,Urea
5,14,6,Twenty-Twenty
7,8,13,Twenty-Twenty
21,0,18,Twenty Eight-Twenty Eight
8,18,19,Ten-Twenty Six-Twenty Six
7,14,14,Twenty-Twenty
11,38,40,DAP
9,34,29,Fourteen-Thirty Five-Fourteen
37,0,0,Urea
12,41,36,DAP
12,11,11,Twenty-Twenty
7,33,34,Fourteen-Thirty Five-Fourteen
23,0,24,Twenty Eight-Twenty Eight
24,0,18,Twenty Eight-Twenty Eight
8,31,28,Fourteen-Thirty Five-Fourteen
11,10,15,Seventeen-Seventeen-Seventeen
10,34,29,Fourteen-Thirty Five-Fourteen
42,0,0,Urea
6,19,16,Ten-Twenty Six-Twenty Six
14,17,16,Seventeen-Seventeen-Seventeen
22,0,16,Twenty Eight-Twenty Eight
13,20,10,Seventeen-Seventeen-Seventeen
14,15,20,Ten-Twenty Six-Twenty Six
36,0,0,Urea
39,0,0,Urea
10,19,17,Ten-Twenty Six-Twenty Six
5,6,11,Twenty-Twenty
15,38,39,DAP
8,24,25,Ten-Twenty Six-Twenty Six
42,0,0,Urea
11,17,19,Seventeen-Seventeen-Seventeen
10,10,13,Twenty-Twenty
17,13,14,Seventeen-Seventeen-Seventeen
12,11,10,Seventeen-Seventeen-Seventeen
14,36,44,DAP
39,0,0,Urea
8,28,34,Fourteen-Thirty Five-Fourteen
25,0,25,Twenty Eight-Twenty Eight
10,14,10,Seventeen-Seventeen-Seventeen
6,13,5,Twenty-Twenty
10,43,44,DAP
42,0,0,Urea
14,16,12,Seventeen-Seventeen-Seventeen
12,25,18,Ten-Twenty Six-Twenty Six
13,43,36,DAP
14,16,20,Ten-Twenty Six-Twenty Six
20,20,11,Seventeen-Seventeen-Seventeen
6,18,19,Ten-Twenty Six-Twenty Six
44,0,0,Urea
37,0,0,Urea
11,36,39,DAP
42,0,0,Urea
5,31,33,Fourteen-Thirty Five-Fourteen
14,6,5,Twenty-Twenty
15,17,18,Seventeen-Seventeen-Seventeen
22,0,16,Twenty Eight-Twenty Eight
16,16,20,Seventeen-Seventeen-Seventeen
15,38,44,DAP
23,0,18,Twenty Eight-Twenty Eight
20,0,17,Twenty Eight-Twenty Eight
15,35,36,DAP
37,0,0,Urea
13,36,37,DAP
22,0,25,Twenty Eight-Twenty Eight
10,11,19,Seventeen-Seventeen-Seventeen
12,20,13,Seventeen-Seventeen-Seventeen
44,0,0,Urea
5,35,29,Fourteen-Thirty Five-Fourteen
11,18,12,Seventeen-Seventeen-Seventeen
6,35,30,Fourteen-Thirty Five-Fourteen
15,42,39,DAP
12,14,5,Twenty-Twenty
19,16,12,Seventeen-Seventeen-Seventeen
10,16,20,Ten-Twenty Six-Twenty Six
13,18,21,Ten-Twenty Six-Twenty Six
5,7,11,Twenty-Twenty
9,29,31,Fourteen-Thirty Five-Fourteen
15,17,22,Ten-Twenty Six-Twenty Six
45,0,0,Urea
21,0,17,Twenty Eight-Twenty Eight
23,0,19,Twenty Eight-Twenty Eight
15,42,36,DAP
6,15,20,Ten-Twenty Six-Twenty Six
5,18,16,Ten-Twenty Six-Twenty Six
13,12,11,Seventeen-Seventeen-Seventeen
10,28,32,Fourteen-Thirty Five-Fourteen
6,34,34,Fourteen-Thirty Five-Fourteen
6,15,7,Twenty-Twenty
8,30,33,Fourteen-Thirty Five-Fourteen
13,17,18,Seventeen-Seventeen-Seventeen
24,0,22,Twenty Eight-Twenty Eight
10,31,32,Fourteen-Thirty Five-Fourteen
14,12,20,Seventeen-Seventeen-Seventeen
13,18,20,Ten-Twenty Six-Twenty Six
40,0,0,Urea
15,7,10,Twenty-Twenty
35,0,0,Urea
12,20,15,Ten-Twenty Six-Twenty Six
10,13,6,Twenty-Twenty
13,41,43,DAP
42,0,0,Urea
11,36,45,DAP
10,32,28,Fourteen-Thirty Five-Fourteen
11,20,23,Ten-Twenty Six-Twenty Six
14,15,13,Seventeen-Seventeen-Seventeen
25,0,15,Twenty Eight-Twenty Eight
13,36,42,DAP
7,33,34,Fourteen-Thirty Five-Fourteen
37,0,0,Urea
39,0,0,Urea
10,20,12,Seventeen-Seventeen-Seventeen
7,29,29,Fourteen-Thirty Five-Fourteen
13,15,13,Seventeen-Seventeen-Seventeen
37,0,0,Urea
15,35,44,DAP
20,11,20,Seventeen-Seventeen-Seventeen
6,35,28,Fourteen-Thirty Five-Fourteen
14,8,6,Twenty-Twenty
15,43,35,DAP
36,0,0,Urea
10,42,41,DAP
12,17,16,Ten-Twenty Six-Twenty Six
10,28,34,Fourteen-Thirty Five-Fourteen
9,34,35,Fourteen-Thirty Five-Fourteen
22,0,17,Twenty Eight-Twenty Eight
9,30,33,Fourteen-Thirty Five-Fourteen
39,0,0,Urea
5,17,17,Ten-Twenty Six-Twenty Six
10,8,5,Twenty-Twenty
12,35,36,DAP
9,33,35,Fourteen-Thirty Five-Fourteen
25,0,23,Twenty Eight-Twenty Eight
16,12,13,Seventeen-Seventeen-Seventeen
16,16,13,Seventeen-Seventeen-Seventeen
6,14,12,Twenty-Twenty
8,20,24,Ten-Twenty Six-Twenty Six
5,23,18,Ten-Twenty Six-Twenty Six
15,19,24,Ten-Twenty Six-Twenty Six
22,0,17,Twenty Eight-Twenty Eight
44,0,0,Urea
10,7,11,Twenty-Twenty
38,0,0,Urea
9,35,34,Fourteen-Thirty Five-Fourteen
15,39,45,DAP
14,16,12,Seventeen-Seventeen-Seventeen
10,20,14,Seventeen-Seventeen-Seventeen
7,32,33,Fourteen-Thirty Five-Fourteen
7,25,19,Ten-Twenty Six-Twenty Six
14,22,17,Ten-Twenty Six-Twenty Six
8,18,20,Ten-Twenty Six-Twenty Six
5,23,15,Ten-Twenty Six-Twenty Six
12,19,16,Seventeen-Seventeen-Seventeen
43,0,0,Urea
11,44,38,DAP
25,0,22,Twenty Eight-Twenty Eight
35,0,0,Urea
9,15,8,Twenty-Twenty
14,44,42,DAP
11,7,9,Twenty-Twenty
11,37,35,DAP
10,31,32,Fourteen-Thirty Five-Fourteen
40,0,0,Urea
12,36,40,DAP
5,14,15,Twenty-Twenty
6,7,14,Twenty-Twenty
6,12,8,Twenty-Twenty
22,0,24,Twenty Eight-Twenty Eight
8,28,29,Fourteen-Thirty Five-Fourteen
7,8,8,Twenty-Twenty
15,40,45,DAP
7,33,35,Fourteen-Thirty Five-Fourteen
23,0,17,Twenty Eight-Twenty Eight
7,8,5,Twenty-Twenty
12,15,14,Seventeen-Seventeen-Seventeen
7,29,28,Fourteen-Thirty Five-Fourteen
13,40,35,DAP
13,38,43,DAP
7,23,18,Ten-Twenty Six-Twenty Six
9,22,17,Ten-Twenty Six-Twenty Six
25,0,24,Twenty Eight-Twenty Eight
21,0,23,Twenty Eight-Twenty Eight
8,28,32,Fourteen-Thirty Five-Fourteen
9,18,23,Ten-Twenty Six-Twenty Six
12,39,38,DAP
5,23,19,Ten-Twenty Six-Twenty Six
6,18,21,Ten-Twenty Six-Twenty Six
9,10,13,Twenty-Twenty
9,24,23,Ten-Twenty Six-Twenty Six
12,11,14,Twenty-Twenty
9,34,34,Fourteen-Thirty Five-Fourteen
23,0,25,Twenty Eight-Twenty Eight
21,0,24,Twenty Eight-Twenty Eight
24,0,16,Twenty Eight-Twenty Eight
13,10,16,Seventeen-Seventeen-Seventeen
20,0,16,Twenty Eight-Twenty Eight
20,10,17,Seventeen-Seventeen-Seventeen
22,0,21,Twenty Eight-Twenty Eight
14,12,10,Seventeen-Seventeen-Seventeen
15,11,6,Twenty-Twenty
25,0,22,Twenty Eight-Twenty Eight
13,14,12,Twenty-Twenty
40,0,0,Urea
13,45,42,DAP
20,0,18,Twenty Eight-Twenty Eight
9,29,31,Fourteen-Thirty Five-Fourteen
25,0,21,Twenty Eight-Twenty Eight
15,20,19,Ten-Twenty Six-Twenty Six
36,0,0,Urea
39,0,0,Urea
17,13,13,Seventeen-Seventeen-Seventeen
11,25,24,Ten-Twenty Six-Twenty Six
13,37,45,DAP
9,28,30,Fourteen-Thirty Five-Fourteen
7,29,31,Fourteen-Thirty Five-Fourteen
18,18,13,Seventeen-Seventeen-Seventeen
21,0,15,Twenty Eight-Twenty Eight
11,44,40,DAP
5,33,32,Fourteen-Thirty Five-Fourteen
9,35,35,Fourteen-Thirty Five-Fourteen
14,16,16,Seventeen-Seventeen-Seventeen
20,0,15,Twenty Eight-Twenty Eight
12,16,22,Ten-Twenty Six-Twenty Six
22,0,16,Twenty Eight-Twenty Eight
6,9,10,Twenty-Twenty
15,10,16,Seventeen-Seventeen-Seventeen
8,30,30,Fourteen-Thirty Five-Fourteen
39,0,0,Urea
6,34,32,Fourteen-Thirty Five-Fourteen
10,28,32,Fourteen-Thirty Five-Fourteen
12,18,15,Ten-Twenty Six-Twenty Six
10,37,45,DAP
8,33,32,Fourteen-Thirty Five-Fourteen
6,24,18,Ten-Twenty Six-Twenty Six
5,14,15,Twenty-Twenty
42,0,0,Urea
7,32,34,Fourteen-Thirty Five-Fourteen
8,29,32,Fourteen-Thirty Five-Fourteen
41,0,0,Urea
38,0,0,Urea
17,20,15,Seventeen-Seventeen-Seventeen
15,20,17,Seventeen-Seventeen-Seventeen
11,21,25,Ten-Twenty Six-Twenty Six
11,42,40,DAP
11,12,7,Twenty-Twenty
43,0,0,Urea
11,22,24,Ten-Twenty Six-Twenty Six
14,20,20,Ten-Twenty Six-Twenty Six
23,0,16,Twenty Eight-Twenty Eight
44,0,0,Urea
21,0,23,Twenty Eight-Twenty Eight
22,0,21,Twenty Eight-Twenty Eight
12,23,16,Ten-Twenty Six-Twenty Six
8,22,17,Ten-Twenty Six-Twenty Six
39,0,0,Urea
25,0,17,Twenty Eight-Twenty Eight
7,29,32,Fourteen-Thirty Five-Fourteen
7,28,35,Fourteen-Thirty Five-Fourteen
35,0,0,Urea
20,0,15,Twenty Eight-Twenty Eight
14,13,5,Twenty-Twenty
12,23,23,Ten-Twenty Six-Twenty Six
14,19,20,Seventeen-Seventeen-Seventeen
5,8,15,Twenty-Twenty
9,35,35,Fourteen-Thirty Five-Fourteen
13,45,39,DAP
14,14,14,Seventeen-Seventeen-Seventeen
8,35,32,Fourteen-Thirty Five-Fourteen
13,39,35,DAP
40,0,0,Urea
18,19,16,Seventeen-Seventeen-Seventeen
8,35,35,Fourteen-Thirty Five-Fourteen
15,43,40,DAP
7,16,21,Ten-Twenty Six-Twenty Six
12,39,36,DAP
8,32,29,Fourteen-Thirty Five-Fourteen
20,0,17,Twenty Eight-Twenty Eight
11,36,45,DAP
12,13,11,Seventeen-Seventeen-Seventeen
15,12,5,Twenty-Twenty
20,0,23,Twenty Eight-Twenty Eight
19,15,13,Seventeen-Seventeen-Seventeen
8,33,28,Fourteen-Thirty Five-Fourteen
18,16,18,Seventeen-Seventeen-Seventeen
21,0,15,Twenty Eight-Twenty Eight
5,20,17,Ten-Twenty Six-Twenty Six
14,10,15,Twenty-Twenty
5,6,5,Twenty-Twenty
10,34,31,Fourteen-Thirty Five-Fourteen
14,41,42,DAP
20,16,16,Seventeen-Seventeen-Seventeen
7,8,13,Twenty-Twenty
12,40,45,DAP
12,20,24,Ten-Twenty Six-Twenty Six
7,32,28,Fourteen-Thirty Five-Fourteen
14,38,44,DAP
15,45,40,DAP
40,0,0,Urea
12,45,37,DAP
10,34,30,Fourteen-Thirty Five-Fourteen
20,0,23,Twenty Eight-Twenty Eight
41,0,0,Urea
5,33,32,Fourteen-Thirty Five-Fourteen
43,0,0,Urea
36,0,0,Urea
7,18,23,Ten-Twenty Six-Twenty Six
10,24,25,Ten-Twenty Six-Twenty Six
13,10,10,Twenty-Twenty
5,5,8,Twenty-Twenty
6,18,18,Ten-Twenty Six-Twenty Six
24,0,19,Twenty Eight-Twenty Eight
24,0,19,Twenty Eight-Twenty Eight
11,36,39,DAP
21,0,18,Twenty Eight-Twenty Eight
7,15,7,Twenty-Twenty
13,40,35,DAP
13,44,40,DAP
10,35,42,DAP
9,8,7,Twenty-Twenty
15,38,39,DAP
16,11,15,Seventeen-Seventeen-Seventeen
5,33,34,Fourteen-Thirty Five-Fourteen
5,14,5,Twenty-Twenty
25,0,24,Twenty Eight-Twenty Eight
12,7,8,Twenty-Twenty
12,36,39,DAP
13,42,36,DAP
10,29,32,Fourteen-Thirty Five-Fourteen
35,0,0,Urea
11,17,19,Ten-Twenty Six-Twenty Six
23,0,15,Twenty Eight-Twenty Eight
15,12,6,Twenty-Twenty
43,0,0,Urea
10,30,29,Fourteen-Thirty Five-Fourteen
14,45,41,DAP
22,0,24,Twenty Eight-Twenty Eight
5,13,9,Twenty-Twenty
35,0,0,Urea
11,38,37,DAP
40,0,0,Urea
8,31,29,Fourteen-Thirty Five-Fourteen
19,18,12,Seventeen-Seventeen-Seventeen
14,5,6,Twenty-Twenty
14,45,44,DAP
20,0,16,Twenty Eight-Twenty Eight
23,0,15,Twenty Eight-Twenty Eight
14,21,21,Ten-Twenty Six-Twenty Six
44,0,0,Urea
35,0,0,Urea
38,0,0,Urea
15,19,16,Ten-Twenty Six-Twenty Six
5,15,24,Ten-Twenty Six-Twenty Six
6,23,16,Ten-Twenty Six-Twenty Six
40,0,0,Urea
12,25,25,Ten-Twenty Six-Twenty Six
9,28,29,Fourteen-Thirty Five-Fourteen
25,0,16,Twenty Eight-Twenty Eight
22,0,23,Twenty Eight-Twenty Eight
6,29,35,Fourteen-Thirty Five-Fourteen
14,11,8,Twenty-Twenty
14,8,14,Twenty-Twenty
14,35,39,DAP
11,23,24,Ten-Twenty Six-Twenty Six
7,18,15,Ten-Twenty Six-Twenty Six
24,0,25,Twenty Eight-Twenty Eight
44,0,0,Urea
17,15,10,Seventeen-Seventeen-Seventeen
10,32,32,Fourteen-Thirty Five-Fourteen
23,0,17,Twenty Eight-Twenty Eight
11,20,24,Ten-Twenty Six-Twenty Six
9,11,11,Twenty-Twenty
40,0,0,Urea
15,44,43,DAP
9,12,11,Twenty-Twenty
12,12,9,Twenty-Twenty
6,25,19,Ten-Twenty Six-Twenty Six
13,38,40,DAP
9,7,7,Twenty-Twenty
40,0,0,Urea
11,17,14,Seventeen-Seventeen-Seventeen
25,0,24,Twenty Eight-Twenty Eight
15,17,23,Ten-Twenty Six-Twenty Six
14,19,16,Ten-Twenty Six-Twenty Six
14,18,22,Ten-Twenty Six-Twenty Six
36,0,0,Urea
35,0,0,Urea
6,33,29,Fourteen-Thirty Five-Fourteen
12,41,35,DAP
42,0,0,Urea
11,22,18,Ten-Twenty Six-Twenty Six
14,24,23,Ten-Twenty Six-Twenty Six
6,18,22,Ten-Twenty Six-Twenty Six
40,0,0,Urea
22,0,16,Twenty Eight-Twenty Eight
25,0,19,Twenty Eight-Twenty Eight
11,5,6,Twenty-Twenty
20,0,25,Twenty Eight-Twenty Eight
12,24,24,Ten-Twenty Six-Twenty Six
39,0,0,Urea
9,30,29,Fourteen-Thirty Five-Fourteen
19,14,15,Seventeen-Seventeen-Seventeen
10,44,44,DAP
8,21,22,Ten-Twenty Six-Twenty Six
14,11,15,Twenty-Twenty
45,0,0,Urea
7,15,8,Twenty-Twenty
40,0,0,Urea
22,0,19,Twenty Eight-Twenty Eight
18,17,10,Seventeen-Seventeen-Seventeen
11,39,43,DAP
8,20,19,Ten-Twenty Six-Twenty Six
7,15,11,Twenty-Twenty
10,34,33,Fourteen-Thirty Five-Fourteen
35,0,0,Urea
6,14,12,Twenty-Twenty
22,0,15,Twenty Eight-Twenty Eight
11,5,13,Twenty-Twenty
16,13,14,Seventeen-Seventeen-Seventeen
8,6,11,Twenty-Twenty
9,17,24,Ten-Twenty Six-Twenty Six
11,17,16,Seventeen-Seventeen-Seventeen
11,39,40,DAP
5,34,30,Fourteen-Thirty Five-Fourteen
13,6,12,Twenty-Twenty
42,0,0,Urea
6,29,29,Fourteen-Thirty Five-Fourteen
6,33,31,Fourteen-Thirty Five-Fourteen
5,15,21,Ten-Twenty Six-Twenty Six
38,0,0,Urea
14,6,9,Twenty-Twenty
10,20,18,Seventeen-Seventeen-Seventeen
11,25,21,Ten-Twenty Six-Twenty Six
15,9,9,Twenty-Twenty
21,0,22,Twenty Eight-Twenty Eight
15,43,35,DAP
17,17,19,Seventeen-Seventeen-Seventeen
15,13,12,Twenty-Twenty
44,0,0,Urea
6,28,29,Fourteen-Thirty Five-Fourteen
20,0,18,Twenty Eight-Twenty Eight
9,33,35,Fourteen-Thirty Five-Fourteen
39,0,0,Urea
10,20,12,Seventeen-Seventeen-Seventeen
36,0,0,Urea
7,17,20,Ten-Twenty Six-Twenty Six
15,35,36,DAP
19,15,13,Seventeen-Seventeen-Seventeen
15,36,40,DAP
6,20,21,Ten-Twenty Six-Twenty Six
36,0,0,Urea
8,8,6,Twenty-Twenty
37,0,0,Urea
12,9,6,Twenty-Twenty
43,0,0,Urea
14,24,20,Ten-Twenty Six-Twenty Six
21,0,23,Twenty Eight-Twenty Eight
7,18,16,Ten-Twenty Six-Twenty Six
14,18,23,Ten-Twenty Six-Twenty Six
38,0,0,Urea
8,32,33,Fourteen-Thirty Five-Fourteen
13,18,19,Seventeen-Seventeen-Seventeen
14,45,44,DAP
9,18,16,Ten-Twenty Six-Twenty Six
13,12,16,Seventeen-Seventeen-Seventeen
8,15,15,Ten-Twenty Six-Twenty Six
38,0,0,Urea
13,6,7,Twenty-Twenty
10,44,35,DAP
12,12,6,Twenty-Twenty
7,16,23,Ten-Twenty Six-Twenty Six
19,17,14,Seventeen-Seventeen-Seventeen
25,0,16,Twenty Eight-Twenty Eight
7,6,8,Twenty-Twenty
11,43,36,DAP
25,0,25,Twenty Eight-Twenty Eight
40,0,0,Urea
10,32,35,Fourteen-Thirty Five-Fourteen
14,15,16,Ten-Twenty Six-Twenty Six
12,15,18,Seventeen-Seventeen-Seventeen
41,0,0,Urea
14,35,45,DAP
7,15,14,Twenty-Twenty
21,0,20,Twenty Eight-Twenty Eight
15,42,38,DAP
6,31,29,Fourteen-Thirty Five-Fourteen
13,43,39,DAP
12,8,13,Twenty-Twenty
25,0,23,Twenty Eight-Twenty Eight
6,29,33,Fourteen-Thirty Five-Fourteen
13,8,5,Twenty-Twenty
41,0,0,Urea
5,35,29,Fourteen-Thirty Five-Fourteen
12,13,11,Seventeen-Seventeen-Seventeen
41,0,0,Urea
12,38,43,DAP
13,13,13,Seventeen-Seventeen-Seventeen
12,20,20,Ten-Twenty Six-Twenty Six
8,20,23,Ten-Twenty Six-Twenty Six
13,44,43,DAP
13,16,21,Ten-Twenty Six-Twenty Six
11,19,25,Ten-Twenty Six-Twenty Six
17,18,20,Seventeen-Seventeen-Seventeen
8,29,34,Fourteen-Thirty Five-Fourteen
12,17,21,Ten-Twenty Six-Twenty Six
39,0,0,Urea
24,0,23,Twenty Eight-Twenty Eight
8,34,35,Fourteen-Thirty Five-Fourteen
13,40,43,DAP
5,18,22,Ten-Twenty Six-Twenty Six
17,14,17,Seventeen-Seventeen-Seventeen
11,42,39,DAP
35,0,0,Urea
6,21,25,Ten-Twenty Six-Twenty Six
7,12,10,Twenty-Twenty
9,29,30,Fourteen-Thirty Five-Fourteen
10,8,8,Twenty-Twenty
23,0,18,Twenty Eight-Twenty Eight
15,40,42,DAP
24,0,24,Twenty Eight-Twenty Eight
14,44,40,DAP
12,45,44,DAP
15,35,40,DAP
14,36,41,DAP
35,0,0,Urea
8,32,31,Fourteen-Thirty Five-Fourteen
14,45,45,DAP
18,14,11,Seventeen-Seventeen-Seventeen
5,13,15,Twenty-Twenty
11,22,17,Ten-Twenty Six-Twenty Six
41,0,0,Urea
13,24,17,Ten-Twenty Six-Twenty Six
19,19,16,Seventeen-Seventeen-Seventeen
40,0,0,Urea
10,38,35,DAP
7,24,16,Ten-Twenty Six-Twenty Six
43,0,0,Urea
22,0,20,Twenty Eight-Twenty Eight
8,25,16,Ten-Twenty Six-Twenty Six
15,17,25,Ten-Twenty Six-Twenty Six
17,10,19,Seventeen-Seventeen-Seventeen
5,30,29,Fourteen-Thirty Five-Fourteen
39,0,0,Urea
12,36,43,DAP
15,9,13,Twenty-Twenty
43,0,0,Urea
13,6,6,Twenty-Twenty
12,45,35,DAP
38,0,0,Urea
10,39,42,DAP
17,20,14,Seventeen-Seventeen-Seventeen
40,0,0,Urea
9,19,21,Ten-Twenty Six-Twenty Six
41,0,0,Urea
10,22,18,Ten-Twenty Six-Twenty Six
21,0,24,Twenty Eight-Twenty Eight
41,0,0,Urea
38,0,0,Urea
25,0,19,Twenty Eight-Twenty Eight
21,0,21,Twenty Eight-Twenty Eight
8,34,32,Fourteen-Thirty Five-Fourteen
9,11,10,Twenty-Twenty
20,15,16,Seventeen-Seventeen-Seventeen
11,11,11,Twenty-Twenty
7,28,30,Fourteen-Thirty Five-Fourteen
20,12,19,Seventeen-Seventeen-Seventeen
8,32,31,Fourteen-Thirty Five-Fourteen
21,0,18,Twenty Eight-Twenty Eight
9,34,31,Fourteen-Thirty Five-Fourteen
25,0,22,Twenty Eight-Twenty Eight
38,0,0,Urea
44,0,0,Urea
36,0,0,Urea
12,20,15,Ten-Twenty Six-Twenty Six
9,5,11,Twenty-Twenty
5,23,16,Ten-Twenty Six-Twenty Six
8,32,33,Fourteen-Thirty Five-Fourteen
9,31,33,Fourteen-Thirty Five-Fourteen
9,6,15,Twenty-Twenty
11,18,15,Ten-Twenty Six-Twenty Six
15,18,16,Ten-Twenty Six-Twenty Six
14,42,41,DAP
10,10,18,Seventeen-Seventeen-Seventeen
35,0,0,Urea
8,32,31,Fourteen-Thirty Five-Fourteen
37,0,0,Urea
12,5,10,Twenty-Twenty
10,44,38,DAP
9,32,33,Fourteen-Thirty Five-Fourteen
44,0,0,Urea
13,38,41,DAP
6,34,30,Fourteen-Thirty Five-Fourteen
13,17,17,Ten-Twenty Six-Twenty Six
15,44,40,DAP
22,0,16,Twenty Eight-Twenty Eight
45,0,0,Urea
24,0,25,Twenty Eight-Twenty Eight
12,44,41,DAP
16,10,10,Seventeen-Seventeen-Seventeen
40,0,0,Urea
7,34,33,Fourteen-Thirty Five-Fourteen
15,24,24,Ten-Twenty Six-Twenty Six
7,28,35,Fourteen-Thirty Five-Fourteen
43,0,0,Urea
43,0,0,Urea
6,15,5,Twenty-Twenty
44,0,0,Urea
45,0,0,Urea
10,9,10,Twenty-Twenty
11,14,9,Twenty-Twenty
11,14,10,Twenty-Twenty
10,11,6,Twenty-Twenty
25,0,23,Twenty Eight-Twenty Eight
15,14,8,Twenty-Twenty
6,14,8,Twenty-Twenty
39,0,0,Urea
45,0,0,Urea
6,28,33,Fourteen-Thirty Five-Fourteen
10,10,12,Seventeen-Seventeen-Seventeen
14,35,43,DAP
11,35,45,DAP
22,0,24,Twenty Eight-Twenty Eight
10,36,43,DAP
13,15,16,Ten-Twenty Six-Twenty Six
6,28,35,Fourteen-Thirty Five-Fourteen
20,0,21,Twenty Eight-Twenty Eight
15,14,10,Twenty-Twenty
15,16,13,Seventeen-Seventeen-Seventeen
11,21,24,Ten-Twenty Six-Twenty Six
20,0,17,Twenty Eight-Twenty Eight
20,0,15,Twenty Eight-Twenty Eight
15,37,39,DAP
21,0,19,Twenty Eight-Twenty Eight
9,32,29,Fourteen-Thirty Five-Fourteen
10,35,32,Fourteen-Thirty Five-Fourteen
25,0,21,Twenty Eight-Twenty Eight
9,29,28,Fourteen-Thirty Five-Fourteen
10,35,36,DAP
39,0,0,Urea
41,0,0,Urea
13,15,10,Seventeen-Seventeen-Seventeen
5,32,32,Fourteen-Thirty Five-Fourteen
6,5,13,Twenty-Twenty
20,0,15,Twenty Eight-Twenty Eight
20,0,22,Twenty Eight-Twenty Eight
22,0,19,Twenty Eight-Twenty Eight
11,15,10,Twenty-Twenty
7,29,35,Fourteen-Thirty Five-Fourteen
35,0,0,Urea
10,42,37,DAP
9,29,35,Fourteen-Thirty Five-Fourteen
17,19,16,Seventeen-Seventeen-Seventeen
6,16,22,Ten-Twenty Six-Twenty Six
18,16,12,Seventeen-Seventeen-Seventeen
7,29,28,Fourteen-Thirty Five-Fourteen
15,17,18,Ten-Twenty Six-Twenty Six
44,0,0,Urea
6,29,28,Fourteen-Thirty Five-Fourteen
6,33,29,Fourteen-Thirty Five-Fourteen
38,0,0,Urea
15,18,14,Seventeen-Seventeen-Seventeen
17,13,11,Seventeen-Seventeen-Seventeen
10,35,43,DAP
12,15,19,Seventeen-Seventeen-Seventeen
20,11,10,Seventeen-Seventeen-Seventeen
10,32,28,Fourteen-Thirty Five-Fourteen
24,0,22,Twenty Eight-Twenty Eight
19,11,16,Seventeen-Seventeen-Seventeen
11,14,16,Seventeen-Seventeen-Seventeen
10,39,45,DAP
15,13,14,Twenty-Twenty
7,23,23,Ten-Twenty Six-Twenty Six
10,37,36,DAP
22,0,15,Twenty Eight-Twenty Eight
23,0,20,Twenty Eight-Twenty Eight
5,15,15,Twenty-Twenty
11,36,44,DAP
24,0,21,Twenty Eight-Twenty Eight
20,0,22,Twenty Eight-Twenty Eight
10,30,29,Fourteen-Thirty Five-Fourteen
11,37,43,DAP
10,35,29,Fourteen-Thirty Five-Fourteen
10,10,10,Seventeen-Seventeen-Seventeen
10,35,30,Fourteen-Thirty Five-Fourteen
14,36,43,DAP
10,29,35,Fourteen-Thirty Five-Fourteen
10,43,37,DAP
14,23,17,Ten-Twenty Six-Twenty Six
6,13,12,Twenty-Twenty
14,44,43,DAP
15,37,39,DAP
39,0,0,Urea
6,15,18,Ten-Twenty Six-Twenty Six
8,15,8,Twenty-Twenty
20,0,23,Twenty Eight-Twenty Eight
8,18,15,Ten-Twenty Six-Twenty Six
45,0,0,Urea
15,15,7,Twenty-Twenty
10,29,34,Fourteen-Thirty Five-Fourteen
8,29,32,Fourteen-Thirty Five-Fourteen
5,5,6,Twenty-Twenty
12,35,36,DAP
42,0,0,Urea
9,9,13,Twenty-Twenty
7,14,10,Twenty-Twenty
24,0,20,Twenty Eight-Twenty Eight
18,11,12,Seventeen-Seventeen-Seventeen
37,0,0,Urea
10,35,32,Fourteen-Thirty Five-Fourteen
7,29,34,Fourteen-Thirty Five-Fourteen
12,7,10,Twenty-Twenty
15,13,16,Seventeen-Seventeen-Seventeen
15,15,7,Twenty-Twenty
10,9,14,Twenty-Twenty
22,0,22,Twenty Eight-Twenty Eight
40,0,0,Urea
9,32,31,Fourteen-Thirty Five-Fourteen
20,0,15,Twenty Eight-Twenty Eight
11,15,11,Twenty-Twenty
7,29,28,Fourteen-Thirty Five-Fourteen
44,0,0,Urea
17,18,12,Seventeen-Seventeen-Seventeen
37,0,0,Urea
7,29,33,Fourteen-Thirty Five-Fourteen
12,37,37,DAP
24,0,18,Twenty Eight-Twenty Eight
39,0,0,Urea
40,0,0,Urea
9,18,15,Ten-Twenty Six-Twenty Six
12,5,6,Twenty-Twenty
22,0,25,Twenty Eight-Twenty Eight
25,0,21,Twenty Eight-Twenty Eight
15,10,15,Twenty-Twenty
10,33,33,Fourteen-Thirty Five-Fourteen
15,40,35,DAP
40,0,0,Urea
17,20,17,Seventeen-Seventeen-Seventeen
15,19,13,Seventeen-Seventeen-Seventeen
35,0,0,Urea
9,30,29,Fourteen-Thirty Five-Fourteen
39,0,0,Urea
24,0,19,Twenty Eight-Twenty Eight
11,23,22,Ten-Twenty Six-Twenty Six
35,0,0,Urea
11,41,43,DAP
11,39,44,DAP
10,44,42,DAP
35,0,0,Urea
14,13,10,Seventeen-Seventeen-Seventeen
8,32,33,Fourteen-Thirty Five-Fourteen
10,21,24,Ten-Twenty Six-Twenty Six
12,35,41,DAP
5,6,6,Twenty-Twenty
15,23,23,Ten-Twenty Six-Twenty Six
9,15,6,Twenty-Twenty
9,34,31,Fourteen-Thirty Five-Fourteen
11,44,41,DAP
5,30,29,Fourteen-Thirty Five-Fourteen
15,17,18,Seventeen-Seventeen-Seventeen
6,16,17,Ten-Twenty Six-Twenty Six
20,0,16,Twenty Eight-Twenty Eight
20,0,20,Twenty Eight-Twenty Eight
9,20,16,Ten-Twenty Six-Twenty Six
17,14,16,Seventeen-Seventeen-Seventeen
25,0,18,Twenty Eight-Twenty Eight
12,22,23,Ten-Twenty Six-Twenty Six
12,18,12,Seventeen-Seventeen-Seventeen
5,20,22,Ten-Twenty Six-Twenty Six
10,35,32,Fourteen-Thirty Five-Fourteen
5,22,24,Ten-Twenty Six-Twenty Six
9,16,16,Ten-Twenty Six-Twenty Six
12,36,35,DAP
15,38,40,DAP
11,13,11,Seventeen-Seventeen-Seventeen
42,0,0,Urea
17,18,17,Seventeen-Seventeen-Seventeen
39,0,0,Urea
7,29,29,Fourteen-Thirty Five-Fourteen
10,33,31,Fourteen-Thirty Five-Fourteen
8,11,14,Twenty-Twenty
43,0,0,Urea
25,0,16,Twenty Eight-Twenty Eight
37,0,0,Urea
7,30,33,Fourteen-Thirty Five-Fourteen
13,25,21,Ten-Twenty Six-Twenty Six
9,24,21,Ten-Twenty Six-Twenty Six
11,19,18,Ten-Twenty Six-Twenty Six
6,12,6,Twenty-Twenty
16,12,16,Seventeen-Seventeen-Seventeen
13,5,12,Twenty-Twenty
5,24,17,Ten-Twenty Six-Twenty Six
13,18,22,Ten-Twenty Six-Twenty Six
6,22,23,Ten-Twenty Six-Twenty Six
12,42,43,DAP
43,0,0,Urea
23,0,24,Twenty Eight-Twenty Eight
24,0,20,Twenty Eight-Twenty Eight
44,0,0,Urea
7,23,25,Ten-Twenty Six-Twenty Six
16,17,10,Seventeen-Seventeen-Seventeen
11,15,16,Seventeen-Seventeen-Seventeen
6,30,29,Fourteen-Thirty Five-Fourteen
14,18,13,Seventeen-Seventeen-Seventeen
25,0,19,Twenty Eight-Twenty Eight
7,21,22,Ten-Twenty Six-Twenty Six
39,0,0,Urea
5,31,30,Fourteen-Thirty Five-Fourteen
11,42,41,DAP
6,31,33,Fourteen-Thirty Five-Fourteen
13,36,42,DAP
21,0,23,Twenty Eight-Twenty Eight
13,45,40,DAP
15,8,13,Twenty-Twenty
14,7,6,Twenty-Twenty
16,10,15,Seventeen-Seventeen-Seventeen
23,0,18,Twenty Eight-Twenty Eight
7,9,10,Twenty-Twenty
6,35,29,Fourteen-Thirty Five-Fourteen
14,5,7,Twenty-Twenty
9,35,35,Fourteen-Thirty Five-Fourteen
10,11,6,Twenty-Twenty
6,32,28,Fourteen-Thirty Five-Fourteen
38,0,0,Urea
42,0,0,Urea
13,44,42,DAP
37,0,0,Urea
14,5,10,Twenty-Twenty
39,0,0,Urea
8,30,34,Fourteen-Thirty Five-Fourteen
8,28,32,Fourteen-Thirty Five-Fourteen
22,0,15,Twenty Eight-Twenty Eight
15,20,24,Ten-Twenty Six-Twenty Six
8,32,35,Fourteen-Thirty Five-Fourteen
12,16,19,Seventeen-Seventeen-Seventeen
6,34,34,Fourteen-Thirty Five-Fourteen
7,31,29,Fourteen-Thirty Five-Fourteen
15,41,35,DAP
45,0,0,Urea
10,32,30,Fourteen-Thirty Five-Fourteen
35,0,0,Urea
10,18,24,Ten-Twenty Six-Twenty Six
24,0,22,Twenty Eight-Twenty Eight
23,0,20,Twenty Eight-Twenty Eight
10,40,44,DAP
9,30,35,Fourteen-Thirty Five-Fourteen
6,29,35,Fourteen-Thirty Five-Fourteen
38,0,0,Urea
8,31,32,Fourteen-Thirty Five-Fourteen
14,15,9,Twenty-Twenty
37,0,0,Urea
19,20,17,Seventeen-Seventeen-Seventeen
12,22,20,Ten-Twenty Six-Twenty Six
20,20,11,Seventeen-Seventeen-Seventeen
7,22,17,Ten-Twenty Six-Twenty Six
39,0,0,Urea
8,15,24,Ten-Twenty Six-Twenty Six
25,0,24,Twenty Eight-Twenty Eight
19,14,20,Seventeen-Seventeen-Seventeen
8,12,8,Twenty-Twenty
8,30,28,Fourteen-Thirty Five-Fourteen
9,22,20,Ten-Twenty Six-Twenty Six
11,43,43,DAP
21,0,21,Twenty Eight-Twenty Eight
6,18,23,Ten-Twenty Six-Twenty Six
12,7,11,Twenty-Twenty
10,19,13,Seventeen-Seventeen-Seventeen
14,12,19,Seventeen-Seventeen-Seventeen
14,6,10,Twenty-Twenty
5,29,28,Fourteen-Thirty Five-Fourteen
13,8,5,Twenty-Twenty
13,15,13,Twenty-Twenty
8,34,29,Fourteen-Thirty Five-Fourteen
14,41,40,DAP
14,8,12,Twenty-Twenty
20,0,21,Twenty Eight-Twenty Eight
14,35,36,DAP
43,0,0,Urea
6,34,28,Fourteen-Thirty Five-Fourteen
8,13,5,Twenty-Twenty
10,32,31,Fourteen-Thirty Five-Fourteen
22,0,15,Twenty Eight-Twenty Eight
12,22,21,Ten-Twenty Six-Twenty Six
21,0,23,Twenty Eight-Twenty Eight
6,29,33,Fourteen-Thirty Five-Fourteen
14,20,11,Seventeen-Seventeen-Seventeen
13,40,43,DAP
42,0,0,Urea
